login,name,company,location,email,hireable,bio,public_repos,followers,following,created_at
amitshekhariitbhu,,,,,False,,0,0,0,
shradha-khapra,,,,,False,,0,0,0,
loveBabbar,,,,,False,,0,0,0,
Nakshatra05,,,,,False,,0,0,0,
Anuj-Kumar-Sharma,,,,,False,,0,0,0,
Ignitetechnologies,,,,,False,,0,0,0,
developerrahulofficial,,,,,False,,0,0,0,
farhan7reza7,,,,,False,,0,0,0,
janishar,,,,,False,,0,0,0,
shivaylamba,,,,,False,,0,0,0,
naman14,,,,,False,,0,0,0,
aviaryan,,,,,False,,0,0,0,
the-dagger,,,,,False,,0,0,0,
mehulmpt,,,,,False,,0,0,0,
Priyansh19077,,,,,False,,0,0,0,
kunaltyagi9,,,,,False,,0,0,0,
ShreyaPrasad1209,,,,,False,,0,0,0,
nathvarun,,,,,False,,0,0,0,
Swati4star,,,,,False,,0,0,0,
saumya1singh,,,,,False,,0,0,0,
SnippetCoders,,,,,False,,0,0,0,
nikhilkumarsingh,,,,,False,,0,0,0,
AakashKumarNain,,,,,False,,0,0,0,
PrathamKumar14,,,,,False,,0,0,0,
coderdost,,,,,False,,0,0,0,
manrajgrover,,,,,False,,0,0,0,
rishikksh20,,,,,False,,0,0,0,
aayusharora,,,,,False,,0,0,0,
AkshayAnand2002,,,,,False,,0,0,0,
KeenWarrior,,,,,False,,0,0,0,
